{"btc_f_bin": -0.001853, "eth_f_bin": 0.001923, "btc_f_byb": -0.000416, "eth_f_byb": -0.000663}