{"btc_f_bin": 0.006748, "eth_f_bin": -0.001379, "btc_f_byb": 0.01, "eth_f_byb": 0.00383}