{"btc_f_bin": 0.00019, "eth_f_bin": 0.005469, "btc_f_byb": 0.007372000000000001, "eth_f_byb": 0.0029980000000000002}