{"btc_f_bin": -0.002027, "eth_f_bin": 0.01, "btc_f_byb": -0.0030679999999999995, "eth_f_byb": 0.01}