{"btc_f_bin": 0.01, "eth_f_bin": 0.005227, "btc_f_byb": 0.001746, "eth_f_byb": 0.008041}